poluente,count,mean,std,min,25%,50%,75%,max
PTS,8720.0,29.44782110091743,16.945011552541377,4.0,19.0,26.0,35.0,351.0
SO2,76.0,22.18421052631579,60.651949246239575,0.0,4.0,7.5,11.0,394.0
MP10,8711.0,22.229479967856733,12.75713379385208,0.0,14.0,20.0,27.0,260.0
NO2,62.0,9.887096774193548,13.507866364758948,0.0,3.25,6.5,10.0,95.0
