poluente,Valor
count,8720.0
mean,29.44782110091743
std,16.945011552541377
min,4.0
25%,19.0
50%,26.0
75%,35.0
max,351.0
count,76.0
mean,22.18421052631579
std,60.651949246239575
min,0.0
25%,4.0
50%,7.5
75%,11.0
max,394.0
count,8711.0
mean,22.229479967856733
std,12.75713379385208
min,0.0
25%,14.0
50%,20.0
75%,27.0
max,260.0
count,62.0
mean,9.887096774193548
std,13.507866364758948
min,0.0
25%,3.25
50%,6.5
75%,10.0
max,95.0
