,count,mean,std,min,25%,50%,75%,max
Seg,1230.0,22.286991869918698,14.692001772603447,0.0,14.0,19.0,27.0,260.0
Ter,1233.0,22.886455798864556,11.79058698308592,1.0,15.0,21.0,29.0,85.0
Qua,1244.0,23.726688102893892,13.573585214348705,0.0,15.0,20.0,30.25,111.0
Qui,1248.0,23.794070512820515,15.019315981213671,1.0,15.0,21.0,29.0,191.0
Sex,1244.0,23.157556270096464,12.578158512981299,2.0,15.0,20.0,28.25,110.0
Sáb,1243.0,20.774738535800484,10.611531979033396,0.0,14.0,19.0,26.0,70.0
Dom,1269.0,19.0441292356186,9.363393078319469,1.0,13.0,17.0,23.0,71.0
